<?xml version='1.0' encoding='UTF-8'?>
<shortcuts>
	<shortcut>
		<defaultID />
		<label>네트워크 설정</label>
		<label2>Custom item</label2>
		<icon>DefaultShortcut.png</icon>
		<thumb />
		<action>RunAddOn(service.libreelec.settings)</action>
	</shortcut>
	<shortcut>
		<defaultID>10007</defaultID>
		<label>10007</label>
		<label2>Common menu item</label2>
		<icon>special://skin/extras/icons/sysinfo.png</icon>
		<thumb />
		<action>ActivateWindow(SystemInfo)</action>
	</shortcut>
	<shortcut>
		<defaultID>7</defaultID>
		<label>7</label>
		<label2>Common menu item</label2>
		<icon>DefaultFolder.png</icon>
		<thumb />
		<action>ActivateWindow(FileManager)</action>
	</shortcut>
	<shortcut>
		<defaultID>script.change.SD</defaultID>
		<label>제품정보</label>
		<label2>프로그램</label2>
		<icon>DefaultShortcut.png</icon>
		<thumb>image://%2fstorage%2f.kodi%2faddons%2fscript.change.SD%2ficon.png/</thumb>
		<action>ActivateWindow(Programs,"plugin://script.change.SD",return)</action>
	</shortcut>
</shortcuts>
