<?xml version='1.0' encoding='UTF-8'?>
<shortcuts>
	<shortcut>
		<defaultID />
		<label>음식/요리</label>
		<label2>Custom item</label2>
		<icon>DefaultShortcut.png</icon>
		<thumb />
		<action>ActivateWindow(Videos,"plugin://plugin.video.ondemandkorea/genre/food/",return)</action>
	</shortcut>
	<shortcut>
		<defaultID />
		<label>뷰티/패션</label>
		<label2>Custom item</label2>
		<icon>DefaultShortcut.png</icon>
		<thumb />
		<action>ActivateWindow(Videos,"plugin://plugin.video.ondemandkorea/genre/beauty/",return)</action>
	</shortcut>
	<shortcut>
		<defaultID />
		<label>키즈</label>
		<label2>Custom item</label2>
		<icon>DefaultShortcut.png</icon>
		<thumb />
		<action>ActivateWindow(Videos,"plugin://plugin.video.ondemandkorea/genre/kids/",return)</action>
	</shortcut>
	<shortcut>
		<defaultID>plugin.video.ondemandkorea/genre/baseball/</defaultID>
		<label>야구</label>
		<label2>비디오 애드온</label2>
		<icon>DefaultShortcut.png</icon>
		<thumb>image://%2fstorage%2f.kodi%2faddons%2fplugin.video.ondemandkorea%2ficon.png/</thumb>
		<action>ActivateWindow(Videos,"plugin://plugin.video.ondemandkorea/genre/baseball/",return)</action>
	</shortcut>
	<shortcut>
		<defaultID>plugin.video.ondemandkorea/genre/golf/</defaultID>
		<label>골프</label>
		<label2>비디오 애드온</label2>
		<icon>DefaultShortcut.png</icon>
		<thumb>image://%2fstorage%2f.kodi%2faddons%2fplugin.video.ondemandkorea%2ficon.png/</thumb>
		<action>ActivateWindow(Videos,"plugin://plugin.video.ondemandkorea/genre/golf/",return)</action>
	</shortcut>
</shortcuts>
