<?xml version='1.0' encoding='UTF-8'?>
<shortcuts>
	<shortcut>
		<defaultID />
		<label>검색</label>
		<label2>Custom item</label2>
		<icon>DefaultShortcut.png</icon>
		<thumb />
		<action>ActivateWindow(Videos,"plugin://plugin.video.tempest/?action=searchNavigator",return)</action>
	</shortcut>
	<shortcut>
		<defaultID>movies</defaultID>
		<label>영화</label>
		<label2>Custom item</label2>
		<icon>special://skin/extras/icons/film.png</icon>
		<thumb />
		<action>ActivateWindow(Videos,"plugin://plugin.video.yoda/?action=movieNavigator",return)</action>
	</shortcut>
	<shortcut>
		<defaultID>tvshows</defaultID>
		<label>드라마</label>
		<label2>Custom item</label2>
		<icon>special://skin/extras/icons/tv.png</icon>
		<thumb />
		<action>ActivateWindow(Videos,"plugin://plugin.video.ondemandkorea/genre/drama1/",return)</action>
	</shortcut>
	<shortcut>
		<defaultID />
		<label>예능 VOD</label>
		<label2>Custom item</label2>
		<icon>DefaultShortcut.png</icon>
		<thumb />
		<action>ActivateWindow(Videos,"plugin://plugin.video.ondemandkorea/genre/variety1/",return)</action>
	</shortcut>
	<shortcut>
		<defaultID />
		<label>시사/다큐</label>
		<label2>Custom item</label2>
		<icon>DefaultShortcut.png</icon>
		<thumb />
		<action>ActivateWindow(Videos,"plugin://plugin.video.ondemandkorea/genre/documentary/",return)</action>
	</shortcut>
	<shortcut>
		<defaultID />
		<label>애드온</label>
		<label2>Custom item</label2>
		<icon>DefaultShortcut.png</icon>
		<thumb>special://skin/extras/icons/addons.png</thumb>
		<action>ActivateWindow(AddonBrowser)</action>
	</shortcut>
	<shortcut>
		<defaultID>music</defaultID>
		<label>YouTube</label>
		<label2>Custom item</label2>
		<icon>special://skin/extras/icons/songs.png</icon>
		<thumb>special://skin/extras/icons/youtube.png</thumb>
		<action>ActivateWindow(Videos,"plugin://plugin.video.youtube",return)</action>
	</shortcut>
	<shortcut>
		<defaultID>livetv</defaultID>
		<label>$SKIN[31103|skin.arctic.zephyr.plus|TV 시청]</label>
		<label2>Custom item</label2>
		<icon>special://skin/extras/icons/livetv.png</icon>
		<thumb />
		<action>ActivateWindow(TVChannels)</action>
	</shortcut>
	<shortcut>
		<defaultID>settings</defaultID>
		<label>10004</label>
		<label2>Common Shortcut</label2>
		<icon>special://skin/extras/icons/settings.png</icon>
		<thumb />
		<action>ActivateWindow(Settings)</action>
	</shortcut>
</shortcuts>
