<?xml version='1.0' encoding='UTF-8'?>
<shortcuts>
	<shortcut>
		<defaultID />
		<label>최신 영화</label>
		<label2>Custom item</label2>
		<icon>DefaultShortcut.png</icon>
		<thumb />
		<action>ActivateWindow(Videos,"plugin://plugin.video.yoda/?action=movies&amp;url=trending",return)</action>
	</shortcut>
	<shortcut>
		<defaultID />
		<label>한국영화</label>
		<label2>Custom item</label2>
		<icon>DefaultShortcut.png</icon>
		<thumb />
		<action>ActivateWindow(Videos,"plugin://plugin.video.exodus/?action=movies&amp;url=http%3A%2F%2Fwww.imdb.com%2Fsearch%2Ftitle%3Ftitle_type%3Dfeature%2Ctv_movie%26num_votes%3D100%2C%26production_status%3Dreleased%26primary_language%3Dko%26sort%3Dmoviemeter%2Casc%26count%3D40%26start%3D1",return)</action>
	</shortcut>
	<shortcut>
		<defaultID />
		<label>애니메이션</label>
		<label2>Custom item</label2>
		<icon>DefaultShortcut.png</icon>
		<thumb />
		<action>ActivateWindow(Videos,"plugin://plugin.video.exodus/?action=movies&amp;url=http%3A%2F%2Fwww.imdb.com%2Fsearch%2Ftitle%3Ftitle_type%3Dfeature%2Ctv_movie%2Cdocumentary%26num_votes%3D100%2C%26release_date%3D%2Cdate%5B0%5D%26genres%3Danimation%26sort%3Dmoviemeter%2Casc%26count%3D40%26start%3D1",return)</action>
	</shortcut>
</shortcuts>
