<?xml version="1.0" encoding="UTF-8" standalone="yes"?>
<addon id="script.change.HD" name="Change Channel Quality to HD" version="0.0.8" provider-name="BadJin">
  <requires>
    <import addon="xbmc.python" version="2.19.0"/>
    <import addon="script.module.myconnpy" version="1.1.7"/>
  </requires>
  <extension point="xbmc.python.pluginsource" library="default.py">
    <provides>executable</provides>
  </extension>
  <extension point="xbmc.addon.metadata">
    <platform>all</platform>
    <summary lang="en"></summary>
  </extension>
</addon>
